id;user_name;country_id;project_id
2000001;DummyDataMaDB;7;MDB112248
2000002;DummyDataMaDB;26;MDB112248
2000003;DummyDataMaDB;27;MDB112248
2000004;DummyDataMaDB;27;MDB119209
2000005;DummyDataMaDB;53;MDB119209
2000006;DummyDataMaDB;53;MDB127280
2000007;DummyDataMaDB;28;MDB150167
2000008;DummyDataMaDB;62;MDB176622
2000009;DummyDataMaDB;18;MDB183360
2000010;DummyDataMaDB;38;MDB183360
2000011;DummyDataMaDB;42;MDB201477
2000012;DummyDataMaDB;76;MDB201477
2000013;DummyDataMaDB;43;MDB216776
2000015;DummyDataMaDB;43;MDB216776
2000014;DummyDataMaDB;50;MDB216776
2000016;DummyDataMaDB;2;MDB218889
2000017;DummyDataMaDB;31;MDB218889
2000018;DummyDataMaDB;59;MDB218889
2000019;DummyDataMaDB;31;MDB219984
2000020;DummyDataMaDB;59;MDB219984
2000021;DummyDataMaDB;16;MDB230931
2000022;DummyDataMaDB;6;MDB254787
2000023;DummyDataMaDB;7;MDB254787
2000024;DummyDataMaDB;17;MDB254787
2000025;DummyDataMaDB;11;MDB289572
2000026;DummyDataMaDB;69;MDB289572
2000027;DummyDataMaDB;9;MDB338483
2000028;DummyDataMaDB;47;MDB338483
2000029;DummyDataMaDB;58;MDB338483
2000030;DummyDataMaDB;8;MDB358635
2000031;DummyDataMaDB;30;MDB358635
2000032;DummyDataMaDB;56;MDB368228
2000033;DummyDataMaDB;76;MDB392780
2000034;DummyDataMaDB;49;MDB452975
2000035;DummyDataMaDB;6;MDB467501
2000036;DummyDataMaDB;44;MDB471196
2000037;DummyDataMaDB;57;MDB471196
2000038;DummyDataMaDB;11;MDB481471
2000039;DummyDataMaDB;43;MDB481471
2000040;DummyDataMaDB;70;MDB483574
2000041;DummyDataMaDB;45;MDB496283
2000042;DummyDataMaDB;62;MDB496283
2000043;DummyDataMaDB;27;MDB497394
2000044;DummyDataMaDB;72;MDB497394
2000045;DummyDataMaDB;45;MDB503231
2000046;DummyDataMaDB;62;MDB503574
2000047;DummyDataMaDB;4;MDB503907
2000049;DummyDataMaDB;48;MDB503907
2000048;DummyDataMaDB;50;MDB503907
2000050;DummyDataMaDB;18;MDB528133
2000051;DummyDataMaDB;30;MDB528133
2000052;DummyDataMaDB;45;MDB528133
2000053;DummyDataMaDB;17;MDB547689
2000054;DummyDataMaDB;62;MDB547689
2000056;DummyDataMaDB;62;MDB627714
2000055;DummyDataMaDB;78;MDB627714
2000057;DummyDataMaDB;13;MDB681606
2000058;DummyDataMaDB;16;MDB681606
2000059;DummyDataMaDB;50;MDB700469
2000060;DummyDataMaDB;58;MDB700469
2000061;DummyDataMaDB;78;MDB728707
2000062;DummyDataMaDB;24;MDB735815
2000063;DummyDataMaDB;42;MDB735815
2000064;DummyDataMaDB;47;MDB762982
2000065;DummyDataMaDB;66;MDB762982
2000066;DummyDataMaDB;5;MDB782997
2000067;DummyDataMaDB;65;MDB782997
2000068;DummyDataMaDB;5;MDB793275
2000069;DummyDataMaDB;23;MDB797324
2000070;DummyDataMaDB;77;MDB797324
2000071;DummyDataMaDB;42;MDB807002
2000072;DummyDataMaDB;47;MDB807002
2000073;DummyDataMaDB;16;MDB838354
2000074;DummyDataMaDB;16;MDB845882
2000075;DummyDataMaDB;69;MDB845882
2000076;DummyDataMaDB;25;MDB862477
2000077;DummyDataMaDB;41;MDB865078
2000078;DummyDataMaDB;54;MDB865078
2000079;DummyDataMaDB;6;MDB872949
2000080;DummyDataMaDB;28;MDB872949
2000081;DummyDataMaDB;4;MDB889194
2000082;DummyDataMaDB;15;MDB889194
2000083;DummyDataMaDB;50;MDB892423
2000084;DummyDataMaDB;41;MDB921777
2000085;DummyDataMaDB;11;MDB934806
2000086;DummyDataMaDB;16;MDB934806
2000087;DummyDataMaDB;63;MDB934806
2000088;DummyDataMaDB;60;MDB964176
2000090;DummyDataMaDB;25;MDB997447
2000089;DummyDataMaDB;69;MDB997447
