id;user_name;theme;project_id
3000001;DummyDataMaDB;Gender;MDB112248
3000002;DummyDataMaDB;Life Skills;MDB119209
3000003;DummyDataMaDB;Village Savings & Loan Associations (VSLA);MDB127280
3000004;DummyDataMaDB;Gender;MDB150167
3000005;DummyDataMaDB;TVET;MDB176622
3000006;DummyDataMaDB;Village Savings & Loan Associations (VSLA);MDB183360
3000007;DummyDataMaDB;Gender;MDB201477
3000008;DummyDataMaDB;Entrepreneurship;MDB216776
3000009;DummyDataMaDB;SRHR;MDB216776
3000010;DummyDataMaDB;LEAD: Youth driving change;MDB218889
3000011;DummyDataMaDB;TVET;MDB218889
3000012;DummyDataMaDB;Gender;MDB219984
3000013;DummyDataMaDB;Village Savings & Loan Associations (VSLA);MDB219984
3000014;DummyDataMaDB;Green Solutions;MDB230931
3000015;DummyDataMaDB;WASH;MDB230931
3000016;DummyDataMaDB;WASH;MDB254787
3000017;DummyDataMaDB;YEEiE;MDB254787
3000018;DummyDataMaDB;Migration;MDB289572
3000019;DummyDataMaDB;Youth Savings Groups;MDB289572
3000020;DummyDataMaDB;Protection ;MDB338483
3000021;DummyDataMaDB;Digital;MDB338483
3000022;DummyDataMaDB;Village Savings & Loan Associations (VSLA);MDB358635
3000023;DummyDataMaDB;Entrepreneurship;MDB358635
3000024;DummyDataMaDB;Green Solutions;MDB368228
3000025;DummyDataMaDB;Gender;MDB368228
3000026;DummyDataMaDB;SRHR;MDB392780
3000027;DummyDataMaDB;Green Solutions;MDB392780
3000028;DummyDataMaDB;WASH;MDB467501
3000029;DummyDataMaDB;Life Skills;MDB467501
3000030;DummyDataMaDB;Digital;MDB481471
3000031;DummyDataMaDB;Protection ;MDB481471
3000032;DummyDataMaDB;Entrepreneurship;MDB483574
3000033;DummyDataMaDB;SRHR;MDB483574
3000034;DummyDataMaDB;Entrepreneurship;MDB496283
3000035;DummyDataMaDB;TVET;MDB496283
3000036;DummyDataMaDB;Green Solutions;MDB496283
3000037;DummyDataMaDB;TVET;MDB497394
3000038;DummyDataMaDB;Village Savings & Loan Associations (VSLA);MDB497394
3000039;DummyDataMaDB;LEAD: Youth driving change;MDB497394
3000040;DummyDataMaDB;LEAD: Youth driving change;MDB503231
3000041;DummyDataMaDB;WASH;MDB503231
3000042;DummyDataMaDB;Life Skills;MDB503231
3000043;DummyDataMaDB;SRHR;MDB503574
3000044;DummyDataMaDB;YEEiE;MDB503574
3000045;DummyDataMaDB;Migration;MDB503574
3000046;DummyDataMaDB;Migration;MDB503907
3000047;DummyDataMaDB;Youth Savings Groups;MDB503907
3000048;DummyDataMaDB;Protection ;MDB503907
3000049;DummyDataMaDB;Life Skills;MDB528133
3000050;DummyDataMaDB;Digital;MDB528133
3000051;DummyDataMaDB;SRHR;MDB528133
3000052;DummyDataMaDB;Youth Savings Groups;MDB547689
3000053;DummyDataMaDB;Entrepreneurship;MDB547689
3000054;DummyDataMaDB;TVET;MDB547689
3000055;DummyDataMaDB;Green Solutions;MDB627714
3000056;DummyDataMaDB;Gender;MDB627714
3000057;DummyDataMaDB;Village Savings & Loan Associations (VSLA);MDB627714
3000058;DummyDataMaDB;Digital;MDB681606
3000059;DummyDataMaDB;Youth Savings Groups;MDB700469
3000060;DummyDataMaDB;YEEiE;MDB728707
3000061;DummyDataMaDB;Protection ;MDB735815
3000062;DummyDataMaDB;TVET;MDB762982
3000063;DummyDataMaDB;YEEiE;MDB782997
3000064;DummyDataMaDB;Protection ;MDB793275
3000065;DummyDataMaDB;YEEiE;MDB797324
3000066;DummyDataMaDB;Digital;MDB807002
3000067;DummyDataMaDB;WASH;MDB838354
3000068;DummyDataMaDB;Digital;MDB845882
3000069;DummyDataMaDB;Life Skills;MDB862477
3000070;DummyDataMaDB;Protection ;MDB865078
3000071;DummyDataMaDB;Youth Savings Groups;MDB872949
3000072;DummyDataMaDB;Life Skills;MDB889194
3000073;DummyDataMaDB;SRHR;MDB892423
3000074;DummyDataMaDB;Migration;MDB921777
3000075;DummyDataMaDB;Entrepreneurship;MDB934806
3000076;DummyDataMaDB;Green Solutions;MDB964176
3000077;DummyDataMaDB;LEAD: Youth driving change;MDB997447
3000078;DummyDataMaDB;Green Solutions;MDB452975
3000079;DummyDataMaDB;LEAD: Youth driving change;MDB471196
